idx,PRIMARY,SECONDARY,OTHER
"'23, wk19",36.36363636363637,36.36363636363637,27.272727272727273
"'23, wk20",40.0,60.0,0.0
"'23, wk21",50.0,0.0,50.0
"'23, wk22",0.0,33.333333333333336,66.66666666666667
"'23, wk23",50.0,0.0,50.0
"'23, wk24",100.0,0.0,0.0
"'23, wk25",50.0,50.0,0.0
"'23, wk26",50.0,0.0,50.0
"'23, wk27",0.0,100.0,0.0
"'23, wk28",100.0,0.0,0.0
"'23, wk29",100.0,0.0,0.0
"'23, wk30",100.0,0.0,0.0
"'23, wk31",100.0,0.0,0.0
