idx,PRIMARY,SECONDARY,OTHER
"'23, wk24",100.0,0.0,0.0
"'23, wk25",50.0,50.0,0.0
"'23, wk26",50.0,0.0,50.0
"'23, wk27",0.0,100.0,0.0
"'23, wk28",100.0,0.0,0.0
"'23, wk29",100.0,0.0,0.0
"'23, wk30",100.0,0.0,0.0
"'23, wk31",50.0,50.0,0.0
"'23, wk32",50.0,50.0,0.0
"'23, wk33",100.0,0.0,0.0
"'23, wk34",50.0,16.666666666666668,33.333333333333336
"'23, wk35",42.857142857142854,57.142857142857146,0.0
"'23, wk36",0.0,0.0,0.0
